{
    "logistic_regression": {
        "accuracy": 0.7391304347826086,
        "f1": 0.85,
        "auc": 0.8071895424836601
    }
}