{
    "logistic_regression": {
        "accuracy": 0.96,
        "f1": 0.9760765550239234,
        "auc": 0.9752380952380952
    }
}