{
    "logistic_regression": {
        "accuracy": 0.782608695652174,
        "f1": 0.8780487804878049,
        "auc": 0.8315555555555555
    }
}