{
    "accuracy": {
        "mean": 0.8249275362318841,
        "lower_ci": 0.7391304347826086,
        "upper_ci": 0.9130434782608695
    },
    "f1_score": {
        "mean": 0.8893520715209193,
        "lower_ci": 0.8301546829848717,
        "upper_ci": 0.9423611111111111
    },
    "auc": {
        "mean": 0.82987276302086,
        "lower_ci": 0.7273674440950384,
        "upper_ci": 0.9371960006600966
    }
}