{
    "accuracy": {
        "mean": 0.9909200000000001,
        "lower_ci": 0.968,
        "upper_ci": 1.0
    },
    "f1_score": {
        "mean": 0.994530261554252,
        "lower_ci": 0.9809523809523809,
        "upper_ci": 1.0
    },
    "auc": {
        "mean": 0.9995230301948262,
        "lower_ci": 0.9967983006535946,
        "upper_ci": 1.0
    }
}