{
    "accuracy": {
        "mean": 0.8419217391304349,
        "lower_ci": 0.7652173913043478,
        "upper_ci": 0.9043478260869565
    },
    "f1_score": {
        "mean": 0.9056821377031318,
        "lower_ci": 0.8555208333333333,
        "upper_ci": 0.9447236180904522
    },
    "auc": {
        "mean": 0.8510216743181068,
        "lower_ci": 0.7614261470037452,
        "upper_ci": 0.9294888316151202
    }
}