,Accuracy,F1 Score,AUC
Logistic Regression,0.96,0.9758454106280193,0.981904761904762
Random Forest,0.976,0.9856459330143541,0.9847619047619048
Gradient Boosting,0.992,0.9952153110047847,0.9959523809523809
Optimized Ensemble,0.992,0.9952153110047847,0.9995238095238095
