,Accuracy,F1 Score,AUC
Logistic Regression,0.782608695652174,0.8780487804878049,0.8315555555555555
Random Forest,0.8347826086956521,0.900523560209424,0.8266666666666667
Gradient Boosting,0.8,0.8808290155440415,0.8364444444444444
Ensemble,0.8434782608695652,0.9072164948453608,0.8515555555555556
