,Accuracy,F1 Score,AUC
Logistic Regression,0.7971014492753623,0.8771929824561403,0.8169934640522876
Random Forest,0.8115942028985508,0.8828828828828829,0.8028322440087146
Gradient Boosting,0.7681159420289855,0.8571428571428571,0.8082788671023964
Optimized Ensemble,0.8260869565217391,0.8909090909090909,0.8322440087145969
